Tweets	partition	Topics
warning sign major airport including new york city area	train	0
resident medical provider question mers cov call il state hotline h	train	0
gupta disease origin mystery dr sanjay gupta answer mers cdc confir r	train	0
got question got answer	train	0
saudi doc tell hicprevention recent widespread availability rapid test result stopping	train	0
expert raise question newly revealed case via	train	0
sign going nationwide know blog	train	0
many people explain difference mers mr mers company infection amp disease respectively without googling	train	0
deadly middle east respiratory syndrome known mers found united state disease	train	0
actually look mers indie band deadly disease	train	0
scientist question saudi openness deadly mers virus outbreak london june reuters	train	0
majority infected healthcare worker presented minor symptom rcnt case april	train	0
saudi arabia find another mers case disease spread please pray middle east	train	0
know version mers perhaps milder disease perhaps ancestor	train	0
saudi question mecca preparedness mers spread mers virus spread saudi question mecca p	train	0
may deadly mers disease found	train	0
video evidence transmission camel huma	train	0
third case mers confirmed center disease control prev	train	0
question deadly middle eastern virus showed indiana via	train	0
golf news scientist find mers virus antibody may lead treatment american chinese scientist	train	0
first case deadly middle eastern virus found center disease contro	train	0
saudi question mecca preparedness mers spread mers virus spread saudi question mecca preparedness	train	0
scientist question saudi openness deadly mers virus outbreak	train	0
even new data accurate question asked researcher via	train	0
viral disease mers spread southeast asia	train	0
middle east respiratory syndrome mers spread saudi arabia europe cure vaccine far	train	0
que tal question deadly middle eastern virus showed indiana gt	train	0
corona virus disease scary	train	0
today health news diagnosis celiac disease fold previous year nd case mers	train	0
saudi arabia report mers death call country step prevention may disease	train	0
st case mers potentially deadly disease middle east developed disease called	train	0
mers case spread disease contact first onward spread north america link	train	0
official u patient first symptom preceded travel	train	0
cdc trying track nearly people may exposed deadly mers disease	train	0
virus cured using herbal treatment say cleric al arabiya	train	0
saudi arabia find another mers case disease spread	train	0
reason immigration law required physicals amp quarantine stop spread disease dummy brings mers u	train	0
iskan voice saudi arabia find another mers case disease spread	train	0
cdc confirmed case florida symptom information htt	train	0
expert infectious disease md fox need know mers virus	train	0
deadly mers disease found	train	0
happy healthy life tip prevent transmission mers virus	train	0
saudi arabia find another mers case disease spread riyadh reuters saudi arabia identified	train	0
american infected mers spread disease cdc say	train	0
bold map weak infectious disease nd u case deadly mers	train	0
mers cov information amp prevention tip via department health philippine	train	0
u report third case mers virus illinois resident contracted disease coming co timesofisrael	train	0
asking right question spending time patient community hospital doctor say dia	train	0
saudi arabia find another mers case disease spread riyadh reuters saudi arabia	train	0
patient respiratory symptom travel history test negative mers cov	train	0
editorial consequence secrecy spread disease wrt mers via	train	0
saudi arabia find another mers case disease spread	train	0
question deadly middle eastern virus showed indiana deadly middle	train	0
new disease emerging faster understanding never control virus	train	0
mers airbourne disease	train	0
first case mers disease ever u city historical went last week	train	0
nnvc nanoviricides report novel drug candidate treatment mers middle east respiratory syndrome corona virus ready	train	0
instagram doctor toronto made photosharing app help doctor learn symptom	train	0
null deadly respiratory disease mers hit u first time	train	0
one many emerging zoonotic infectious disease	train	0
question deadly middle eastern virus showed indiana deadly middle east virus h	train	0
florida show symptom deadly middle eastern virus	train	0
florida show symptom deadly middle eastern virus	train	0
disease mers virus spread u via britain	train	0
expert raise question newly revealed case	train	0
first case raising concern question via	train	0
fun new disease called mers orlando oh well getting ready tech show	train	0
saudi arabia find another mers case disease spread	train	0
reminds u new disease emerge amp evolve another reason let guard communicable blood obligate human parasite	train	0
case mers health care worker exposed mers patient flu like symptom	train	0
camel snot blamed transmission deadly mers virus	train	0
clear need improve healthcare worker knowledge attitude apply infection prevention amp contro	train	0
national center immunization respiratory disease general public risk disease low	train	0
tough question fukuda decision declare public health emergency politically driven	train	0
news tsa warns traveler deadly mers virus disease recently sho	train	0
middle east respiratory syndrome coronavirus mers cov update disease outbreak news june	train	0
difference btwn direct h h transmission via hospital setting eg virus sur	train	0
use social medium disease surveillance blog	train	0
scary disease update patient orlando discharged hospital worker test negative make mers fer	train	0
vaccine treatment mers cov fight break chain transmissio	train	0
seems related malpractice fake infectious disease explain case	train	0
arabian peninsula symptom best call health care provider let know arra	train	0
good news sign yet spread first u patient soon say local sp	train	0
second confirmed case mers u center disease control prevention	train	0
newest mers case infected indiana patient cdc say center disease control preventio	train	0
official u mers patient first symptom preceded travel cidrap	train	0
healthcare worker florida show symptom deadly mers virus exposure patient via	train	0
u confirms first case	train	0
mers florida show symptom deadly middle eastern virus	train	0
advanced molecular detection monitor emerging disease nd case imported	train	0
question deadly middle eastern virus showed indiana jason	train	0
antibody deadly emerging disease mers identified zee news australian financial reviewantibodi	train	0
happens muslim drink camel piss mers middle eastern moselem camel disease new geelong bio secure lab	train	0
saudi question mecca preparedness mers spread mers virus spread saudi question mecca p	train	0
n j health official lookout rare disease	train	0
cdc race track people exposed mers team center disease control working around th	train	0
guess leave border open get mers disease maybe human suitcase	train	0
viral disease mers spread southeast asia	train	0
none ironic see disease name one worst idea mortgage banking since payday loan	train	0
expert see sign spreading usa say agency learned mistake made	train	0
florida health worker showing symptom exposure mers patient	train	0
infographic sign symptom prevention method need know	train	0
new tracking number disease	train	0
saudi arabia find another mers case disease spread reuters uk strait timessaudi arabia find anot	train	0
arabia part become breeding ground	train	0
question deadly middle eastern virus showed indiana deadly middle east virus	train	0
middle east respiratory syndrome like symptom tested immediately due dynamic	train	0
saudi question mecca preparedness mers spread mers virus spread saudi question mec	train	0
dog brindle new disease mers crossed american border entered canada	train	0
issa news second mers cov case reported u center disease control prevention cdc con	train	0
huft gak habis habis saudi arabia find another mers case disease spread	train	0
cure mers virus spread scientist start repurposing drug stop disease	train	0
first case deadly middle eastern virus found center disease control confirmed	train	0
video key question ask suspect	train	0
mers virus tracked global map live mortality rate far treatment cure yet	train	0
two new potential u mers case nice guy symptom contact get treated	train	0
third case mers confirmed center disease control	train	0
dangerous spreading answer great question	train	0
two orlando health care worker treated year old man flu like symptom	train	0
th disease prevention control office monitoring coronavirus	train	0
scary disease come like come animal explains	train	0
always question reached u sars redux	train	0
second case mers virus found florida cdc say center disease control belief	train	0
two orlando health worker showing symptom exposured patient	train	0
saudi mobilizes infectious disease specialist curb mers cov spread read	train	0
evidence camel human transmission coronavirus	train	0
middle east respiratory syndrome mers symptom coronavirus spread	train	0
major airport around u warn traveler mers amp disease spread immigrant ht	train	0
camel snot blamed transmission deadly mers virus	train	0
florida mers virus symptom confirmed united state people may affected via	train	0
frequently asked question middle east respiratory syndrome coronavirus merscov may	train	0
saudi arabia find another mers case disease spread told upcoming epidemic china	train	0
news sign spread mers patient recovers	train	0
near miss u first mers cov infection hi mortality easy transmission bad day	train	0
question sequence data virus clear answer cdc imagine sequencing	train	0
pt warns country bolster fight virus although say evidence sustained human human transmission	train	0
link camel snot blamed transmission deadly mers virus bloomberg charles ponzis house	train	0
update posting sign airport	train	0
denver airport sign warn traveler mers virus	train	0
cdc announces first case deadly mers disease u apparently come camel middle east yes seriou	train	0
mers search disease detective beat bush virus disease detective going pain	train	0
emergency mgmt st mers virus case concern infectious disease expert	train	0
lowkey mers disease scattering worst hiv	train	0
antibody deadly emerging disease mers discovered	train	0
mt confirmed mers case official saudi press agency say still receiving treatment	train	0
confirms nd netherlands case mild symptom seek care detected thru contact tracing st case h	train	0
first case deadly middle eastern virus found center disease	train	0
thanks guideline guideline preventing transmission hospital updated right	train	0
tune gt st transmission virus u happen mean morning	train	0
scientist question saudi openness deadly mers virus outbreak via	train	0
middle east respiratory syndrome coronavirus spotted indiana reading disease earlier week bueno die	train	0
two yr amp case epidemic many question remain time change approach via	train	0
antibody deadly emerging disease mers identified business standard ctv newsantibodies dea	train	0
greatest challenge western scientist much disease cultural awareness amp co	train	0
afd blog update transmission risk animal human	train	0
mers come camel going call camel disease	train	0
official confirm second case	train	0
search treatment expert declare progress	train	0
careful around friend go back indian mom mers middle eastern respiratory syndrome disease camel	train	0
first case mers virus reported	train	0
denver airport sign warn traveler mers virus alert	train	0
two hospital worker showing sign deadly mers virus florida	train	0
proof concept comment welcome social medium surveillance case	train	0
prevention tip cover nose mouth tissue cough sneeze dispose bin	train	0
fla mers patient hospital first transmission reported orlando fla patient dia	train	0
patient improving discharged soon little chance disease spreading u	train	0
question deadly middle eastern virus showed indiana deadl	train	0
question deadly middle eastern virus showed indiana via careful relax	train	0
saudi arabia find another mers case disease spread saudi arabia identified new case middl	train	0
official u patient first symptom preceded travel	train	0
saudi arabia find another mers case disease spread	train	0
detail second case united state found traveler	train	0
saudi arabia find another mers case disease spread riyadh reuters saudi arabia said	train	0
scientist question saudi openness deadly mers virus outbreak	train	0
sustained transmission novel jeddah sub clade phylogenetic tree	train	0
updated interactive map usa purple imported secondary transmission link	train	0
mers common camel bat correlation human disease egypt percent seropositive camel human case	train	0
medium expert talk st reported case u	train	0
mers search disease detective beat bush virus	train	0
saudi arabia report another mers case disease spread riyadh saudi arabia said	train	0
question whether global public emergency whether world stand saudi	train	0
hold emergency meeting deadly saudi mers virus london reuters health infectious disease expert met world hea	train	0
ntrr work eliminate spread disease nd case mers reported	train	0
mers new respiratory disease starting appear read prevention	train	0
health official report first apparent case person person transmission virus u	train	0
blaming camel people going associate joe camel respiratory disease mers	train	0
new finding transmission u detected serology case initially testing negative	train	0
middle east respiratory syndrome never heard scarier name disease entire life	train	0
fact hospital transmission still contained	train	0
saudi announce new mers death new fatality bring total death since disease appeared	train	0
question deadly middle eastern virus showed indiana deadly middle east virus	train	0
heading news conference question health leader ab middle east respiratory syndrome	train	0
aac repurposing clinically developed drug treatment coronavirus infection	train	0
mers mystery disease detective search infected traveler	train	0
afd blog asymptomatic transmission scenario	train	0
patient florida confirmed nd imported case mers center disease control prevention say	train	0
cdc report st u mers human human transmission	train	0
saudi arabia epicenter mers mers viral disease amp vaccine cure yet	train	0
visited saudi arabia found failure follow basic prevention amp control procedure blame spread deadly mers virus	train	0
standard contact amp airborne infection prevention precaution recommeded	train	0
scientist question openness deadly	train	0
appears jumped human human	train	0
health worker symptom patient contact	train	0
florida show symptom deadly middle eastern virus	train	0
comm hospital doc virus flu like symptom fever cough shortness breath patient diarrhea rare	train	0
nawa amazes way disease termed particular region middle east respiratory syndrome ga oo	train	0
mt blood test assist disease investigation used diagnosis info	train	0
news sign h n flu mers coronavirus identified cambodia health offici	train	0
currently available vaccine specific treatment recommended	train	0
worried way boost body immune system fight disease	train	0
respect report people note inconclusive whether human human transmission possible	train	0
official mers disease	train	0
official u mers patient first symptom preceded travel cidrap	train	0
fl hospital worker helped treat man nd case developed symptom	train	0
cdc frequently asked question	train	0
first case mers cov reported indiana center disease control prevention say wat	train	0
employee florida hospital monitored symptom	train	0
question deadly middle eastern virus showed indiana mashable	train	0
saudi arabia announced four death mers coronavirus new infection battle contain mystery disease	train	0
got question join u tomorrow	train	0
florida health worker symptom mers patient contact	train	0
cdc race track people exposed mers team center disease control working around clo	train	0
new guideline mers virus prevention uae	train	0
two people florida show symptom deadly mers virus	train	0
deadly mers cov virus threatens globally latest pandemic scare natural treatment protect	train	0
joke tell avoid disease spreading u worth kno	train	0
mers uptick confounds worry infectious disease expert since middle east respiratory syndrome coronavirus	train	0
cdc mers patient spread disease household health worker	train	0
preventing mers virus must know transmission prevention	train	0
changing way one interacts camel hit scientist search cause treatment	train	0
news gupta disease origin mystery dr sanjay gupta answer mers lt baca selengkapnya	train	0
step toward developing treatment newly emerging virus	train	0
middle east respiratory syndrome mers symptom seen two florida health worker contact infected patient another pe	train	0
prevention bit stretch onehealth vector known good step via	train	0
contact man hospitalized indiana first case mers also tested positive disease	train	0
keep eye anyone symptom	train	0
mers mystery disease detective search infected traveler disease detective going	train	0
oh two orlando health worker showing symptom exposed patient	train	0
alarming gt disease three time deadly sars reached united state via	train	0
provider develop flu like symptom exposed mers patient florida	train	0
april patient flew saudi arabia london chicago took bus indiana april developed resp symptom	train	0
gupta disease origin mystery dr sanjay gupta answer mers cdc	train	0
deadly respiratory disease mers spread iran	train	0
question deadly middle eastern virus showed indiana	train	0
mers patient symptom released indiana hospital chicago sun time	train	0
disturbing sign deadly disease mers may spreading fl part country latest ahead	train	0
sign h n flu mers coronavirus identified cambodia health official	train	0
evidence sustained human human middle east respiratory syndrome transmission community ihr emergency committee	train	0
scientist question saudi openness deadly mers virus outbreak kate kelland london june reut	train	0
method prevention coronavirus use tissue coughing sneezing cover mouth nose get rid	train	0
clear transmission link btwn camel human mers egyptian camel seropositive human case yet hmm	train	0
turn trained disease drill last year ironic	train	0
muslim tradition drinking camel urine spread mers disease globally walid shoebat	train	0
orlando mers virus case spark question video	train	0
middle eastern virus spreading due lack infection prevention	train	0
wondering mers virus answer common question toronto rapidly climbing patient	train	0
maurizio barbeschi talk mass event like hajj amp potential disease outbreak	train	0
cdc announces first case middle east respiratory syndrome coronavirus infection mers united state	train	0
another mers case identified saudi arabia disease spread	train	0
middle eastern virus spreading due lack infection prevention istockphoto thinkstock scrub outb	train	0
pls share faq need know including	train	0
new evidence strengthens case camel human transmission	train	0
mers symptom increasing severity probably shd cancel plan yardwork amp rest try keep patient	train	0
specific treatment recommended illness caused mers cov medical care supportive help relieve symptom	train	0
wondering mers virus warning sign tsa area yet look like	train	0
watch canadian doctor monitored symptom deadly mers virus	train	0
mers mystery disease detective search infected traveler disease detective going throug	train	0
first case deadly middle eastern virus found center disease control confir	train	0
middle east respiratory syndrome mers symptom coronavirus spread saudi arabia europe cure	train	0
gupta disease origin mystery dr sanjay gupta answer mers cd	train	0
evidence camel human transmission mers coronavirus nejm	train	0
question deadly middle eastern virus showed indiana deadly middle east	train	0
f case latest ksa report tested neg twice onset respiratory symptom finally tested po day aft	train	0
center disease control prevention using sars playbook combat mers	train	0
mers case revealed saudi arabia raise question world health organization expert looki	train	0
saudi arabia find another mers case disease spread	train	0
urgent investigation required better understand transmission pattern middle east respiratory syndrome virus	train	0
hear deadly disease mers going florida packing bag fast	train	0
saudi arabia find another mers case disease spread	train	0
jump camel human w help dna editing curing disease causing	train	0
mers arrived u demonstrating disease know border	train	0
first case mers virus u news bubblews	train	0
center disease control prevention cdc confirms mers u	train	0
big event spread disease	train	0
saudi arabia find another case disease spread	train	0
rd mr confirm	train	0
question deadly middle eastern virus showed indiana	train	0
mers cov symptom amp prevention	train	0
symptom include fever cough shortness breath	train	0
get buzzfeed treatment deadly virus spreading around saudi arabia might go global	train	0
full text study published evidence camel human transmission mers coronavirus	train	0
disease spread week epidemic research take year must change	train	0
corona virus treatment prevention	train	0
st confirmed case u reminds u plane away disease hoping best patient hcws	train	0
human transmission believed sporadic rarely sustained important difference	train	0
mt well good news infectious disease front mers watch saudi missed case death	train	0
florida health worker showing symptom exposure mers patient	train	0
first case mers cov reported indiana center disease control prevention say via	train	0
global scientist deeply concerned mers virus treatment vaccine	train	0
two people florida show symptom deadly mers virus world health organization held	train	0
question deadly middle eastern virus showed indiana	train	0
florida show symptom deadly middle eastern virus	train	0
apparently april travel riyadh took bus respiratory symptom apr via	train	0
mers surge many question answer cme ce medpage today explosion case middle east corona	train	0
forget medium hype get real answer question	train	0
transmission difficult fighting amp cultural socio economics related camel	train	0
rabies u every county calif surge disease intersecting right	train	0
two people florida show symptom deadly mers virus via	train	0
health ministry unveils strategy mers cov prevention vov ministry health moh	train	0
florida show symptom deadly middle eastern virus two healthcare worker	train	0
deadly mers cov virus threatens globally latest pandemic scare natural treatment protect	train	0
google mers symptom patient working riyad saudi arabia traveling plane bus back indiana	train	0
saudi arabia find another mers case disease spread via gma news	train	0
evidence camel human transmission patient died contact camel w rhinorrhea	train	0
six question answered canadian need know mers virus globe mail	train	0
florida show symptom deadly middle eastern virus two healthcare worker orlando	train	0
mers mystery disease detective search infected traveler	train	0
saudi arabia find another mers case disease spread	train	0
middle east respiratory syndrome mers spread saudi arabia europe cure vaccine	train	0
could ritual ablution practice help explain transmission hospital setting link http	train	0
guideline preventing transmission hospital updated follow precaution protect staff amp patient	train	0
cdc race track people exposed mers team center disease control working around clock	train	0
orlando mers virus case spark question	train	0
scientist question saudi openness deadly mers virus outbreak kate kelland london june reuters	train	0
scientist make ground understanding mers middle east respiratory syndrome disease sourcing camel	train	0
blog florida show symptom deadly middle eastern virus two healthcare worker orlando area ho	train	0
iran returning pilgrim cold symptom seek medical care	train	0
follow testing patient negative cov symptom considered fully recovered amp threat public	train	0
florida show symptom deadly middle eastern virus via	train	0
use social medium surveillance proof concept	train	0
florida show symptom deadly middle eastern virus two healthcare worker	train	0
two patient respiratory symptom travel history test negative mers cov	train	0
da fuck mers hearing bout disease	train	0
recent case upsurge explained breach recommended infection prevention control measure	train	0
muslim tradition drinking camel urine spread mers disease globally walid shoebat	train	0
find another middle east respiratory syndrome case disease spread	train	0
mers threat disease present	train	0
monterox saudi question mecca preparedness mers spread mers virus spread monterox	train	0
mysterious disease cdc confirms first case mers virus american sent via fox news android app	train	0
transmission coronavirus zoonotic based	train	0
gulfnews news u report third case potential mers virus one two showed symptom	train	0
florida show symptom deadly middle eastern virus via mashable	train	0
repurposing clinically developed drug treatment middle east respiratory coronavirus infection	train	0
health care worker exposed mers patient flu like symptom	train	0
brother dr ismael showing great progress within treatment hopefully coming hour bring u	train	0
deadly mers virus arrives cdc say deadly disease called middle east respiratory syndrome	train	0
han alert cdc transmission virus date confined close contact	train	0
uhh new disease called middle east respiratory syndrome scary	train	0
updated mers cov case definition infection prevention control guideline saudi moh may th	train	0
mers search disease detective beat bush virus	train	0
mysterious disease cdc confirms first case mers virus american video cdc announces first case	train	0
two hospital worker showing sign deadly mers virus florida	train	0
gupta disease origin mystery dr sanjay gupta answer mers cdc confirms	train	0
mers case illinois mean may center disease control held teleconference	train	0
mers warning sign going airport	train	0
florida show symptom deadly middle eastern virus via	train	0
confirmed lab evidence sustained transmission	train	0
two study may help quest treatment via http	train	0
first case mers cov reported indiana center disease control prevention say	train	0
question deadly middle eastern virus showed indiana deadly middle east virus killed p	train	0
egyptions first found aid treatment kabab fool w myah funny treamnet corona virus	train	0
deadly respiratory disease made way first time ever report ca	train	0
center disease control confirmed case deadly middle east respiratory syndrome known	train	0
question deadly middle eastern virus showed indiana	train	0
summit present solution contagious disease like	train	0
risk general public remains low cdc say transmission often seen healthcare worker caring infected patient	train	0
austin news post infectious disease specialist mers become pandemic	train	0
center disease control confirms first case deadly mers virus	train	0
mers occupational disease	train	0
arabia find another case disease spread via	train	0
saudi arabia find another mers cov case disease spread	train	0
mers mystery disease detective search infected traveler	train	0
time memory interim infection prevention control recommend	train	0
saudia arabia report death mers disease	train	0
official u patient first symptom preceded travel via	train	0
well good news hospital worker flu symptom test negative mers virus exposure infected patient	train	0
mers stand middle east respiratory syndrome cdc say new disease r plane ride away	train	0
spreading report florida health worker symptom exposure patient	train	0
knowing mers deadly people traveling affected country quarantined till prove free disease	train	0
clear saying best guess people tested po symptom	train	0
st u case seems infected business contact indiana first detected onward transmission u	train	0
imam tell congregation watch severe headache addition respiratory symptom	train	0
dna test indicates camel human transmission cc	train	0
question deadly middle eastern virus showed indiana	train	0
spread tentacle u front page saudi gazette	train	0
person contact indiana mers patient positive virus symptom alex cukanatlanta may upi illinois	train	0
mers deadly disease middle east surfaced united state according	train	0
american society announces treatment corona virus using microsafe technology may	train	0
uae measure control infectious disease top fnc agenda	train	0
greek riddle help u understand modern disease threat	train	0
hold emergency meeting mers health infectious disease expert met world	train	0
mistranslation disease fact discovered france billy ocean subsequently named	train	0
question flu like disease tweet health reporter answer gmt o tv	train	0
question deadly middle eastern virus showed indiana deadly middle east virus th	train	0
saudi arabia find another case disease spread via	train	0
new post mers patient symptom released indiana hospital	train	0
first case deadly middle eastern virus found center disease control confirmed c	train	0
deadly respiratory disease mers spread iran	train	0
worker orlando fla hospital exposed mers patient begun showing flu like symptom	train	0
question deadly middle eastern virus showed indiana	train	0
cdc announces second case mers virus u center disease control prevention cdc annou	train	0
swerdlow seen limited human human transmission throughout saga sustained easy	train	0
saudi arabia find another mers case disease spread riyadh reuters saudi ara	train	0
health official reported first apparent case person person transmission mers virus	train	0
plague infectious disease indiana reported first american case deadly sars like virus	train	0
add list question long prodrome may add time ability travel disseminate ne	train	0
federal health official say illinois man believed infected mers virus sign disease af	train	0
la co resident shared flight w mers patient show sign virus health official say	train	0
awful disease inflicting country worse cancer heart attack aid mrsa amp mers combined calle	train	0
mers symptom amp treatment	train	0
patient respiratory symptom travel history chp investigation	train	0
middle east respiratory syndrome deadly disease sha	train	0
middle east respiratory syndrome coronavirus mers cov update may national	train	0
question deadly middle eastern virus showed indiana	train	0
threatening disease say cdc disease likely spread across u	train	0
fla mers patient hospital first u transmission reported	train	0
measles upsurge worried part good infectious disease trend pertussis mumps mers	train	0
afd blog research note unanswered question	train	0
recent emergence underscore infectious disease serious global threat importance	train	0
afd blog voting eye	train	0
currently specific antiviral treatment based patient clinical condition	train	0
deadly disease called mers spreading quickly indiana someone went saudi arabia brought back wtf	train	0
deadly mers disease found via	train	0
breaking st case mers cov reported indiana center disease control amp prevention say	train	0
prevention best medicine mers virus via	train	0
congress report first case mers cov treatment	train	0
mers cov treatment ribavirin interferon promising macaque get mild disease	train	0
third case mers confirmed center disease control prevention conf	train	0
indiana contagious virus iu chemistry professor say still lot question	train	0
evidence camel human transmission mers coronavirus	train	0
deadly respiratory disease mers found indiana man disease come camel middle east interesting	train	0
symptom mers cov include congestion cough fever shortness breath pneumonia body ache diarrhea	train	0
florida show symptom middle east respiratory syndrome mers virus	train	0
scientist question saudi openness deadly outbreak via	train	0
may pm progress toward treatment surging mers virus via	train	0
cdc race track people exposed mers team center disease control w	train	0
sustained transmission ksa jordan link	train	0
mashable question deadly middle eastern virus showed indiana deadly middle east vir	train	0
another mers case identified saudi arabia disease spread	train	0
currently specific treatment recommended	train	0
symptom show u health worker via	train	0
saudia arabia report death mers disease israel news ynetnews	train	0
critical disease release usa mers started saudi patient confirmed usa	train	0
newsgrab mers virus spread across middle east mers new camel borne respiratory disease threatens pilgri	train	0
question deadly middle eastern virus showed indiana hiu	train	0
mers question may pm et	train	0
say date found people contact w traveler confirmed disease	train	0
alert cdc confirms deadly mers virus reached soil worse aid treatment cure period	train	0
u expert declare progress search middle east respiratory syndrome mers treatment death toll top	train	0
arabia find another mers case disease spread	train	0
disease agent patentable mers virus claimed dutch university international patent application ht	train	0
via guarding disease among pilgrim mecca	train	0
mers another reason infectious disease hospital never closed	train	0
disease outbreak johor baru prison official say mers may johor baru	train	0
illinois man contracted mysterious mers virus believed st case person person transmission u	train	0
first case cov reported indiana center disease control prevention said today	train	0
hcws symptom contact case also screened standard resp virus parallel mers cov	train	0
six question answered canadian need know mers virus via	train	0
saudi arabia find another case disease spread	train	0
saudi arabia find another mers case disease spread raam naam	train	0
mers disease may next terrorist attack america via	train	0
question deadly middle eastern virus showed indiana hiu	train	0
official u patient first symptom preceded travel via	train	0
fact middle eastern woman primary source virus transmission literally kiss time upon contact	train	0
watching fox new serious disease called mers disease fr middle east type pneumonia virus	train	0
case reported april year since disease emerged htt	train	0
saudi arabia find another mers case disease spread	train	0
cdc confirms case u get guidance workplace control practice w dr howard	train	0
question deadly middle eastern virus showed indiana	train	0
mers cause symptom diagnosis treatment prevention	train	0
saudi arabia find another mers case disease spread	train	0
question arabian peninsula colleague close built area breeding facility farm	train	0
saudi arabia find another case disease spread reuters	train	0
mers search disease detective beat bush virus abc newsmers search disease de	train	0
great everywhere indianapolis st possible case disease called mers	train	0
third case mers confirmed center disease contr	train	0
imported case remind u connected breaking transmission chain requires focused global collaborati	train	0
communicable disease threat report week update amp chikungunya	train	0
top story mers search disease detective beat bush virus nbc news see	train	0
infectious disease threat middle east respiratory syndrome pose growing danger people everywhere	train	0
news ntrr work eliminate spread disease nd case mers reported	train	0
mers patient hospital worker florida show respiratory symptom time	train	0
flu like symptom fever chill cough potential kill ugh	train	0
saudi arabia find another mers case disease spread riyadh reuters saudi arabia said thursday	train	0
news ntrr work eliminate spread disease nd case mers reported	train	0
official u mers patient amp first symptom preceded travel	train	0
deadly respiratory disease mers spread iran	train	0
case put alert infectious disease	train	0
news much share thing need know disease	train	0
u mers virus symptom u spread virus worry	train	0
uae undiagnosed disease killing camel mention	train	0
second case mers found u visit center disease control prevention website	train	0
deadly respiratory disease mers spread iran fox news	train	0
second case mers reported center disease control prevention cdc announced monday morning potentiall	train	0
doctor confirm first person person transmission latest p	train	0
hospital worker treating patient show virus like symptom	train	0
mers search disease detective beat bush virus	train	0
symptom mers virus think everyone aware	train	0
frieden cdc actually ruled people w symptom found negative	train	0
saudi arabia say total number mers disease case nearly doubled april infection reported	train	0
saudi camel tradition may hinder control new disease	train	0
deadly mers disease found	train	0
virus come story disease week podcast	train	0
scientist question saudi openness deadly virus outbreak	train	0
schuchat said introduction mers cov another reminder disease plane ride away	train	0
middle east respiratory syndrome mers global disease surveillance system via	train	0
afd blog voting eye	train	0
question deadly middle eastern virus showed indiana	train	0
middle east respiratory syndrome coronavirus mers cov update may national	train	0
la time mers hit scientist search cause treatment two case middle east respirator	train	0
expert raise question newly revealed saudi mers case	train	0
first case mers cov reported indiana center disease control prevention say fack new outbreak fml	train	0
evidence camel human transmission coronavirus	train	0
good news two hospital worker exposed mers dr phillips hosp tested negative disease mers patient doin	train	0
news use third case mers confirmed center disease control prevention	train	0
icymi nd case confirmed symptom potentially fatal virus	train	0
dr fukuda taking question journalist geneva connected online	train	0
mers threatening disease case middle eastern respiratory syndrome mers jumping pe	train	0
thanks hope mers mystery disease cure	train	0
middle east respiratory syndrome mers made u last week mers cure defined treatment	train	0
middle east respiratory syndrome mers symptom coronavirus spread latin post	train	0
mers virus symptom warning protested saudi arabia kissing camel	train	0
many develop respiratory symptom key recent travel arabian peninsula	train	0
center disease control reporting nd case u time	train	0
warning sign going today learns alert traveler threat	train	0
begin mt two additional health care worker showing symptom deadly virus http	train	0
seems third u case really case infected mers coronavirus symptom	train	0
saudi arabia find another mers case disease spread saudi arabia identified new case	train	0
prevention news u mers case infected healthcare worker	train	0
treatment soon mers cov confirmed anti flu medication stopped	train	0
cov transmission mers amp fecal eastern toilet practice assure direct hand contact feces gt	train	0
saudi arabian ministry health advises elderly child pregnant amp people chronic disease postpone hajj umrah pilg	train	0
center disease control report first case united state	train	0
find another mers case disease spread saudi arabia said thursday iden	train	0
question deadly middle eastern virus showed indiana	train	0
updated mers cov case definition infection prevention control guideline saudi moh may th	train	0
gp stay alert case serious acute respiratory symptom arabian peninsula stay till day prior	train	0
ui scientist working understand mers iowa city iowa center disease control identified fir	train	0
hold emergency meeting deadly saudi mers virus health infectious disease expert met via	train	0
u mers case spread disease contact first onward spread north america center disease control	train	0
potentially deadly disease made area report need know protect	train	0
president aquino sign eo creating task force v	train	0
sustained transmission novel jeddah sub clade orlando florida usa	train	0
person contact indiana mers patient positive virus symptom alex cukanatlanta may upi	train	0
question deadly middle eastern virus showed indiana	train	0
arabian peninsula sound like start geo bee question	train	0
dr antonio crespo live chat join u submit question	train	0
st case mers detected n america question	train	0
florida hospital worker monitored symptom mers virus	train	0
worried mers polio scary mers pilgrim saudi bring disease	train	0
u confirms first case mers virus center disease control confirmed first case	train	0
guideline preventing transmission follow precaution protect	train	0
question deadly middle eastern virus showed indiana	train	0
disease called mers spread st time	train	0
amp global disease threat working w partner save life	train	0
mers mystery disease detective search infected traveler	train	0
exported u flew riyadh april chicago took bus indiana respiratory symptom began april	train	0
primarily look people acute disease also human animal interface	train	0
center disease control confirms first case deadly mers virus julie steenhuysen reuters th	train	0
list disease natural cure	train	0
mers cov become pandemic according disease expert	train	0
death toll disease reach spreading panic across	train	0
hand saudi manage world largest potential disease spreading event amp measure seem miniscule	train	0
question check faq get latest case florida	train	0
may pm saudi arabia find another mers case disease spread via	train	0
saudi arabia find another mers case disease spread	train	0
deadly respiratory disease called mers virus reported	train	0
update first u case deadly mers virus confirmed cdc add comment infectious disease expert	train	0
third case mers confirmed center disease control prevention confir	train	0
progress toward treatment surging mers virus	train	0
saudi question mecca preparedness mers spread mers virus spread saudi question mecca	train	0
deadly mers virus yet global emergency say disease event currently meet c trst	train	0
health prevention best medicine mers virus jakarta post	train	0
via predicting potential within flight global dissemination	train	0
florida show symptom deadly middle eastern virus	train	0
pt gi symptom viral contamination air amp surface occurs time toilet bad combo	train	0
question deadly middle eastern virus showed indiana mashable	train	0
new post question deadly middle eastern virus showed indiana	train	0
two team member dr p phillips hospital symptom tested negative virus official conf	train	0
middle east respiratory syndrome mers disease widely found camel camel get virus	train	0
virologist christian drosten investigated saudi arabia bombarded question	train	0
florida show symptom deadly middle eastern virus two healthcare worker orlando area hospital	train	0
inf first case deadly middle eastern virus found center disease control	train	0
people pre existing medical condition like heart disease likely affected mers virus	train	0
mysterious disease cdc confirms first case mers virus american	train	0
good news possible treatment mers middle eastern respiratory syndrome	train	0
mers death last hour hold emergency meeting tuesday	train	0
good question good doctor always	train	0
ntrr work eliminate spread disease nd case mers reported coli h n black mold athlete	train	0
first case mers cov respiratory disease reported netherlands patient became ill saudi arabia	train	0
mers health advisory sign dia request center disease control prevention	train	0
cdc report st u mers human human transmission	train	0
cdc mers frequently asked question involved dr terry ryder bioterror preparedness	train	0
show best way prevent transmission maybe though camel get	train	0
cnn first case mers cov reported indiana center disease control prevention said frida	train	0
mers middle east respiratory syndrome new danger disease human originating camel wtf st casualty u	train	0
mt reporting delay sign progress	train	0
healthcare worker orlando hospital contact nd case flu like symptom waiting test	train	0
specific treatment mers coronavirus vaccine officer number air traveler arrived f	train	0
troubling sign report one today case refused tested day later back	train	0
expert raise question newly revealed saudi mers case via	train	0
everyone alert christian perspective origin infectious disease	train	0
symptom spread muslim drinking	train	0
r value unknown new case thru p gt p transmission	train	0
interesting specific question saudi arabia answered study missing	train	0
cdc first case potentially deadly mers disease	train	0
health care worker exposed mers patient flu like symptom okay	train	0
omg new disease u called mers came saudi arabia inidana florida	train	0
mers search disease detective beat bush virus	train	0
st confirmed human human transmission mers within u illinois man contract coronavirus indiana patient	train	0
cdc publicly know local hd tell hence question gauging strength	train	0
test result family member case orlando still pending showing symptom	train	0
cdc reporting secondary transmission illinois close contact st u case based serology testing	train	0
second case deadly mers virus found orlando area federal center disease control preve	train	0
fukuda say clear fomite virus surface play role transmission	train	0
gupta disease origin mystery dr sanjay gupta answer mers cdc confirms first	train	0
weird case reported yesterday woman symptom tested negative twice testing positive week later odd	train	0
cdc developed guideline clinician amp health depts preventing disease spread	train	0
keiji fukuda concern emergency committee weakness infection prevention amp control gap critical	train	0
look like picked good time release novella viral disease sweep globe	train	0
saudi arabia find another mers case disease spread	train	0
question asymptomatic case detected identified h laidb	train	0
cdc r allowing foreigner usa without testing disease mers u potentially deadly virus	train	0
mers grave concern b c virulence yet aware confirmed sustained community transmission late	train	0
cdc infection prevention amp control recommendation hospitalized patient middle east respiratory syndrome	train	0
u mers virus symptom u spread virus worry post mers virus symptom u spread virus	train	0
saudi arabia find another mers case disease spread via	train	0
question deadly middle eastern virus showed indi	train	0
urgent list research question animal amp issued following high level mtg oman	train	0
saudi question preparedness spread via	train	0
orlando health worker show sign illness exposure patient according u official report	train	0
second case new infectious respiratory disease show atc	train	0
last tweet reference new disease called mers thought retarded self	train	0
dtn iran mers hit scientist search cause treatment two case middle east respiratory	train	0
saudi arabia find another mers case disease spread saudi arabia said thursday iden	train	0
mers watch saudi death top medpage today mers continues dominate infectious disease news	train	0
breaking news two orlando hosptial employee exposed patient showing symptom	train	0
mers new thot disease	train	0
looking forward speaking infectious disease planning tomorrow national homeland security conference	train	0
live indiana well deadly disease called mers middle eastern respiratory syndrome kill catch	train	0
dutch case concern older man underlying disease molecular mers test positive two center rivm emc	train	0
florida hospital worker came contact patient flu like symptom	train	0
ever see movie contagion factory farm spread deadly disease end scene htt	train	0
mers patient symptom released indiana hospital chicago sun time	train	0
symptom spread muslim drinking	train	0
question whether spread via close contact kissing distance hand mediated casual know	train	0
afflicted coronavirus lyme disease ahhhh refreshing	train	0
wash hand go doctor flu like symptom co catching mers virus	train	0
prevention corona virus	train	0
center disease control confirms first case deadly mers virus	train	0
first case deadly middle eastern virus found center disease control confi	train	0
question deadly middle eastern virus showed indiana	train	0
mysterious disease cdc confirms first case mers virus american	train	0
latest disease outbreak news middle east respiratory syndrome case reported	train	0
question concern local hotline please http	train	0
urgent mers talk die saudi arabia health infectious disease expert met world h	train	0
mers outbreak government enough center disease control world health organization	train	0
sorry corrected transmission link	train	0
cost deadly respiratory disease mers hit u first time first rebate	train	0
new communicable disease	train	0
declaring emergency yet due lack evidence sustained human human transmission	train	0
mers case revealed saudi arabia raise question cbc ca	train	0
mashable third case mers confirmed center disease control prevention confirmed	train	0
human case rare amp animal model mimic human disease tough prove efficacy	train	0
ever wondered social network spread disease like flu go together check	train	0
mt orlando hospital employee exposed patient w mers showing symptom	train	0
deadly respiratory disease mers spread iran via r worldnews	train	0
corona need similar symptom mers cov	train	0
sign end time mers virus outbreak middle est amp usa	train	0
share first case mers reported lebanon health ministry disease	train	0
fight zoonotic disease bulletin atomic scientist	train	0
bangladesh case true po amp fact outlined transmission may easier mooted far	train	0
second case mers investigation center disease control prevention cdc announced monday morning	train	0
cdc first case deadly middle eastern virus confirmed center disease control prev	train	0
specific treatment mers coronavirus known yet officer	train	0
man developed antibody indiana mild cold like symptom count case	train	0
latest mers man test positive mers virus show sign illness needed	train	0
two hospital worker showing sign deadly mers virus florida	train	0
mers virus symptom remedy treatment	train	0
report first case local transmission virus	train	0
amazes way disease termed particular region middle east respiratory syndrome ga oo	train	0
mers cov pnoy issued eo creatg man inter agency task force mgnt emerging infectious disease	train	0
dr batool suliman ali arab news office question call x	train	0
video mers search disease detective beat bush virus	train	0
mers deadly disease cause respiratory failure kidney failure coughing death	train	0
first case deadly middle eastern virus found center disease control confirmed c	train	0
corona virus discovered september certain disease human animal	train	0
evidence nosocomial transmission mers cov remember good infection control practice patient severe resp illne	train	0
first case cov reported indiana center disease control prevention sai	train	0
mers virus spread across middle east mers new camel borne respiratory disease threatens pilgrimage seaso	train	0
scientist question saudi openness deadly mers virus outbreak kate kelland london	train	0
camel range health issue many detailed study jury whether disease mers	train	0
question deadly middle eastern virus showed indiana deadly middle east via	train	0
repurposing clinically developed drug treatment middle east respiratory h emily	train	0
spreading two florida show symptom deadly mers virus	train	0
disease invading america started camel also invented	train	0
saudi question mecca preparedness mers spread mers virus spread saudi question mec	train	0
deadly respiratory disease mers spread iran fox news	train	0
mers sars disease acquired animal middle eastern respiratory syndrome mers	train	0
second mers cov case reported u center disease control prevention cdc confirmed	train	0
u mers case spread disease contact first onward spread north america	train	0
first case mers reported lebanon disease form coronavirus killed people saudi ara	train	0
first case deadly middle eastern virus found center disease control conf	train	0
u health official alert identify traveler coming middle east show symptom middle east respiratory syndrome	train	0
question deadly middle eastern virus showed indiana technology	train	0
see newly discovered disease mers disrupt big business	train	0
dtn military news u confirms first mers case center disease control confirmed first c	train	0
saudi arabia find another mers case disease spread	train	0
u mers virus symptom u spread virus worry	train	0
surge many question answer	train	0
middle east respiratory syndrome coronavirus mers cov update following case laborat	train	0
mers virus symptom spread muslim drinking camel urine	train	0
newest mers case infected indiana patient cdc say center disease control prevention identified il	train	0
good question fukuda decision unanimous say public health emergency fukuda consensus reached	train	0
two confirmed u mers outbreak still public health emergency	train	0
health authority abu dhabi previous case self cleared virus w treatment different	train	0
mers patient listed good condition state health official say sign mers transmission	train	0
well phew mt update say evidence sustained human human transmission community	train	0
clear question nationality age u case u citizen living working	train	0
deadly respiratory disease spread via	train	0
identical genome sequence camel human owner mers virus suggests direct transmission	train	0
cdc announces false alarm transmission	train	0
cov blood test assist disease investigation used diagnosis learn cdc testing virus	train	0
mt offer advice raw camel milk amp camel urine risk severe disease drink	train	0
worried traveler sign posted airport	train	0
saudi arabia find another mers case disease spread	train	0
florida show symptom deadly middle eastern virus two healthcare worker orlando	train	0
vaccine currently available treatment largely supportive based patient clinical condition	train	0
potential mers case watch disease control department thursday revealed people	train	0
saudi kiss camel defiance mers warning disease dumbness	train	0
hold emergency meeting deadly saudi mers virus london reuters health infectious disease exper	train	0
excellent piece mers virus	train	0
news nanoviricides report novel drug candidate treatment mers middle east respiratory syndrome coron	train	0
cdc mers frequently asked question st case found usa may	train	0
saudi arabia find another mers case disease spread saudi arabia said thursday identified	train	0
disease respect border new virus spreading leg inside anytime near	train	0
tuesday novel corona virus symptom cure	train	0
latest florida show symptom deadly middle eastern virus	train	0
mers official center disease control confirmed friday first case	train	0
corona vaccine treatment mers cov	train	0
evidence camel human transmission mers coronavirus nejm	train	0
wtf mers disease	train	0
doctor exposed florida case canada symptom	train	0
question deadly middle eastern virus showed indiana	train	0
mers morphed little known disease arabian peninsula major global health concern	train	0
scientist question saudi openness deadly mers	train	0
saudi arabia find another mers case disease spread human mers coughing fever	train	0
third case mers confirmed center disease control prevention con	train	0
florida show symptom deadly middle eastern virus	train	0
fuck two hospital worker showing sign deadly mers virus florida	train	0
frieden patient traveled usa may experienced symptom hospitalized may confirmed may	train	0
airport alert nd mers case confirmed huntsville ala waay center disease control	train	0
florida show symptom deadly middle eastern virus	train	0
cdc announces second u case deadly middle eastern virus may center disease control prevention announced	train	0
arabia elderly people chronic disease urged postpone	train	0
saudi arabia find another mers case disease spread yahoo news india via	train	0
case fatality rate patient showing symptom	train	0
news sign spread mers patient recovers	train	0
please mind communication process information advertisement recommend prevention leadi	train	0
question concern local hotline please	train	0
tracker mers disease first case reported u	train	0
question deadly middle eastern virus showed indiana deadly middle east vi	train	0
mers iran polio iraq pay attention rise serious infectious disease issue global governance	train	0
third case mers confirmed center disease control prevention confirmed sat	train	0
florida show symptom deadly middle eastern virus	train	0
first case deadly middle eastern virus found center disease control confirmed ca	train	0
cnn breaking st u case mers cov reportd indiana per center disease control amp prevention mid east respiratry	train	0
cdc patient arrived identify someone may ill showing symptom time	train	0
sign go others warning mers virus think know	train	0
news arab news question amp answer session dr batool ali	train	0
saudi arabia find another mers case disease spread yahoo	train	0
question deadly middle eastern virus showed indiana deadly middle east viru	train	0
rdh evillage average visit minute handle insurance question kelsch update virus	train	0
ebola mers na setup guard middle east disease doctor advises nigerian	train	0
first case mers cov reported indiana center disease control prevention say	train	0
nj health official lookout rare mers disease	train	0
center disease control prevention confirmed second case	train	0
health confirmed mers case united state first case person person transmission stephanie	train	0
mullah get mers soon learn disease conspiracy contact far mers	train	0
mers mystery disease detective search potentially infected traveler	train	0
human tracking transmission	train	0
mt much know infectious disease check free resource	train	0
six question answered canadian need know mers virus globe mail ctv newssix que	train	0
wow let u let people middle east brought u another deadly disease mers	train	0
controlled trial needed ass disease pathogenesis candidate therapeutic mers cov	train	0
mysterious disease cdc confirms first case mers virus american	train	0
florida show symptom deadly middle eastern virus two healthcare worker orlando area hospital	train	0
thought cov detctn people without disease thing changed jeddah outbreak nuh vdu	train	0
tsa cdc post sign major airport alerting traveler mers virus via	train	0
right count antibody case positive admit obvious sustained mers transmission	train	0
tech news u mers case spread disease contact first onward spread north america via	train	0
art medicine dr answer question medical medium	train	0
mers hit scientist search cause treatment two case middle east re	train	0
uh oh cnn breaking news first case mers cov reported indiana center disease	train	0
question deadly middle eastern virus showed indiana	train	0
fever symptom better	train	0
explosion case middle east coronavirus mers recent week raise simple question	train	0
tweeting must read emerging infectious disease solving viral mystery	train	0
great question answer q u patient suspect mers family involved disagnosis process	train	0
good question unfortunately answer something investigate fomite	train	0
found mers disease better fucking	train	0
humantohuman transmission occurred transmission sustained rcnt case april	train	0
forbes mers sars disease acquired animal middle eastern respiratory syndrome mer	train	0
many kind disease contract plane least likely dr ian lipkin	train	0
could case u central florida troubling question official want answered	train	0
dmemeds shared post via reuters saudi arabia find another mers case disease spread	train	0
mers virus symptom spread muslim drinking camel urine read	train	0
mers virus symptom spread muslim drinking camel urine via camelmilk	train	0
disease outbreak johor baru prison official say	train	0
abu dhabi health authority issue guideline mers virus prevention	train	0
guess still go juking scientist question saudi openness deadly virus outbreak	train	0
animal typhoid mary middle east respiratory syndrome infectious disease expert say	train	0
question deadly middle eastern virus showed indiana deadly mid	train	0
virus could treated existing drug emaxhealth	train	0
indiana department health creates hotline people question mers virus	train	0
diabetic chronic lung disease renal failure immunodeficient shd avoid camel	train	0
fla mers patient hospital first transmission reported	train	0
hmm wonder concerned new disease popping info public health leader	train	0
searched treatment plague doctor hair dog well thief oil	train	0
two orlando health worker showing symptom exposed second u patient	train	0
flu like symptom cov lab positive yet clearly mers cov positive people get mers patience	train	0
swear america always got shit contagious disease called mers illinois florida amp indiana	train	0
man mers virus sick center disease control prevention said saturday	train	0
blind spot blood testing antibody routinely done saudi arabia id work	train	0
first case mers cov reported indiana center disease control prevention say v	train	0
hitting chicago look disease spread unchecked know come back bite u	train	0
deadly mers virus turn first time another reminder disease plane ride away	train	0
u case lesson travel overseas get sick return tell doctor traveled many deadly disease	train	0
two u hospital worker would shown symptom caring patient test negative deadly virus	train	0
saudi question mecca preparedness mers spread mers virus spread sau	train	0
member state improve natl policy infection prevention amp control amp implement health care facility	train	0
official say mers patient improving munster others showing sign disease	train	0
hold emergency meeting mers tue london health infectious disease expert	train	0
saudi arabia find another mers case disease spread	train	0
gupta disease origin mystery dr sanjay gupta answer mers	train	0
florida show symptom deadly middle eastern virus via	train	0
symptom flu like take day show contracted	train	0
via rd case raise question mers virus	train	0
everything need know mers disease	train	0
cdc confirms first case virus american disease highly contagious deadly	train	0
scary new disease got scarier	train	0
seems slowing another disease soon appear headline caused borrelia burgdorfe	train	0
majumder asymptomatic ablution transmission	train	0
two hospital worker showing sign deadly mers virus florida case deadly middle east respi	train	0
reuters find another case disease spread wonder unofficial number	train	0
transmission virus fully understood known spread human sars like virus	train	0
question deadly middle eastern virus showed indiana	train	0
mers mers mers mers disease	train	0
health care worker exposed mers patient flu like symptom doctor sure	train	0
saudi cum disease arrived netherlands	train	0
mers sound terrible also sound like name disease year old would invent explain would missed work go burning man	train	0
mers virus spread across middle east mers new camel borne respiratory disease threatens pilgrimag	train	0
saudi arabia report new mers case die disease health ministry	train	0
coronavirus symptom include fever coughing shortness breath congestion nose throat case diarrhea	train	0
patient w resp symptom amp history chp investigation may	train	0
chinese research might help develop treatment deadly middle east respiratory syndrome	train	0
health minister affirms bahrain free coronavirus disease	train	0
mers virus mers infection sign may symptom travel advisory transmission treatment prevention	train	0
new virus deadly epidemic fever cough r symptom nbc p	train	0
begun mers disease screening passenger begin airport	train	0
st mers virus case concern infectious disease expert	train	0
death toll rise arabia	train	0
mers patient symptom released indiana hospital	train	0
question deadly middle eastern virus showed indiana	train	0
mers middle east raping camel disease	train	0
camel milk showed sign h shiloh	train	0
mortality since continues rise due lag onset symptom amp death case	train	0
global reach still growing disease	train	0
florida show symptom deadly middle eastern virus mashable	train	0
challenge stop human human transmission say prof ian lipkin	train	0
transmission serious concern tim burton	train	0
yes important detail term hospital transmission risk thanks	train	0
orlando hospital say secondary transmission healthcare worker nd u case	train	0
panic u virus transmits inefficiently recent secondary case mild symptom	train	0
mers search disease detective beat bush virus nbc	train	0
terrified contract horrible mers disease	train	0
scientist question saudi openness deadly mers virus outbreak cc	train	0
disease three time deadly amp called spreading across middle east	train	0
previously unreported mers case raise tough question saudi arabia world health organization oth	train	0
incubation period time exposure development symptom day ap news	train	0
florida show symptom deadly middle eastern virus	train	0
symptom includes coughing shortness breath fever well every goddamn disease	train	0
third case mers confirmed center disease control prevention confirmed saturday third case	train	0
rd case raise question mers virus federal health official reported weekend	train	0
mers patient enrolled treatment protocol include systematic monitoring isaric	train	0
first case deadly middle eastern virus found center disease c	train	0
know mers terrible disease sound adorable kind like	train	0
recent study found stain camel sample genetically match strain cause disease human	train	0
scary disease update patient orlando discharged hospital worker test negative make mers fer far	train	0
analysis hospital outbreak needed better understand breach infection prevention control take	train	0
saudi arabia tabuk hospital director resigns controversy	train	0
new commentary usa uofm minnesota centre infectious disease research cidrap focus hcw protection mers	train	0
cdc mers frequently asked question	train	0
mers case revealed saudi arabia raise question cbc ca cbc camers case revealed saudi arabi	train	0
expert arabia consulting treatment containment may	train	0
new tsa cdc post sign major airport alerting traveler mers virus	train	0
mers middle east respiratory syndrome symptom include cough fever lead pneumonia amp kidney failure patient died rich	train	0
dna test indicates camel human transmission mers virus year old saudi man di	train	0
scientist question saudi openness deadly mers virus outbreak london june reuters dramatic upward	train	0
question deadly middle eastern virus showed indiana	train	0
guarding infectious disease among pilgrim mecca concern	train	0
another mers case identified saudi arabia disease spread	train	0
great question would much like answer seems camel	train	0
sign spread mers patient recovers	train	0
symptom consistent cold exposure via travel middle east would entertain possibility	train	0
st case mers potentially deadly sars like disease middle east reported indiana	train	0
third case mers confirmed center disease control prevention confirme	train	0
new mers case fuel fear disease spreading	train	0
first patient deadly mers virus responding treatment	train	0
updated mers cov case definition prevention control saudi moh may th	train	0
hospital worker treating mers patient show virus like symptom morewhat mers need k	train	0
hear middle eastern virus spreading due lack infection prevention	train	0
question deadly middle eastern virus showed indiana deadly middle east virus	train	0
video first patient deadly mers virus responding treatment	train	0
cdc worked w amp partner since better understand virus specific treatment cure	train	0
rd case raise question mers virus	train	0
remember new technology adopted dubai coronavirus prevention propaganda check website	train	0
first transmission killer virus mers join latest	train	0
saudi arabia find another mers case disease spread	train	0
mers mystery disease detective search infected traveler disease detective going th	train	0
video great discussion pandemic potential infectious disease prof ian lipkin	train	0
cn old drug tested fight new disease mers	train	0
infectious disease u country gt mortality x case wks urgent serious treatment vaccine	train	0
first case deadly middle eastern virus found center disease control confirme	train	0
way protect prevention wait vaccine	train	0
new deadly disease found united state breaking news disease known mers found	train	0
mers search disease detective beat bush virus disease detective going th	train	0
center disease control report nd case mers middle east respiratory syndrome usa since third infected died	train	0
tsa warns traveler deadly mers virus disease recently showed	train	0
cdc surprised come u disease respect international boundary cdc educating public	train	0
six question answered canadian need know mers virus	train	0
mers hit scientist search cause treatment two case middle east respiratory syndrome	train	0
disease open question mers virus human extinction scared	train	0
risk transmission extremely low precautionary measure contacting uk passenger provide health	train	0
getting question perfect sheet need know	train	0
opinion best medicine	train	0
update mers cov transmission animal human interim recommendation risk group	train	0
second case confirmed u risk contracting disease still low according	train	0
fla hospital worker told stay home two worker flu like symptom contact mers patient	train	0
indiana mers patient spread virus new lab testing center disease control find	train	0
top expert fred hayden malik peiris amp point need treatment trial lancet	train	0
baystate infectious disease specialist say several case reported panic	train	0
mersa respiratory disease deadly sarsis killing people saudi arabia spreading	train	0
report nd infection u climate change add infectious disease risk infect	train	0
fla mers patient hospital first transmission reported orlando fla pati	train	0
first person person transmission third case within u still low transmissibility	train	0
mers coronavirus still posing myriad unanswered question scientist via	train	0
dna test indicates camel human transmission mers virus year old saudi man died novem	train	0
camel easily infected would large amount virus nose likely candidate transmission huma	train	0
dna test indicates camel human transmission mers virus year old saudi man died	train	0
egypt warns travel saudi arabia due mers first case disease egypt reported	train	0
u expert declare progress search middle east respiratory syndrome mers treatment death toll top saudi arabia	train	0
find trustworthy source suggest following longtime infectious disease reporter follows	train	0
find another case disease spread	train	0
mashable question deadly middle eastern virus showed indiana	train	0
underestimated potential significant transmission	train	0
mers patient improving little chance disease spreading	train	0
saudi arabia find another mers case disease spread riyadh reuters saudi arabia said thursday	train	0
patient middle east question mind regular flu gok god know	train	0
question deadly middle eastern virus showed indiana	train	0
saudi confirmed case amp said died disease updated total fatal	train	0
healthcare worker exposed florida mers patient show symptom infection via	train	0
potential mers case watch thailand	train	0
center disease control confirms first case deadly mers virus progressiveblogs	train	0
mers virus spread saudi question mecca preparedness ahead high pilgrimage season mecca saudi arabia	train	0
hospital worker treating mers patient show virus like symptom	train	0
mers health advisory sign posted dia request center disease control prevention	train	0
guideline clinician issued	train	0
mers cov treated airborne disease airborne droplet read cdc webpage	train	0
highly contagious represents low risk general public	train	0
evidence camel human transmission mers coronavirus	train	0
great question answer q u patient suspect mers family involved disagnosi	train	0
saudi arabia find another mers case disease spread	train	0
people effectively minimize risk contracting fairly new disease cdc	train	0
middle east respiratory syndrome coronavirus mers cov update disease outbreak news june	train	0
amp passenger hospitalized test breathing amp fever symptom plane http	train	0
epi chart updated including content comorbidity disease severity amp	train	0
new communicable disease	train	0
question deadly middle eastern virus showed indiana	train	0
saudi arabia find another mers case disease spread	train	0
second mers case confirmed netherlands may disease second case potentially deadly mers	train	0
new discovery could lead treatment	train	0
saudi arabia find another mers case disease spread	train	0
two health worker florida hospital exposed patient mers begun showing flu like symptom	train	0
florida show symptom deadly middle eastern virus	train	0
rd u case brings question answer	train	0
one touch mers disease thing figured	train	0
virus mers disease u extra careful	train	0
scientist question saudi openness deadly virus outbreak via	train	0
florida show symptom deadly middle eastern virus	train	0
update health care worker contact patient isolated well sign infection	train	0
jordan ex jeddah hcw cluster grows sustained transmission	train	0
third case mers confirmed center disease control	train	0
florida show symptom deadly middle eastern virus	train	0
night fever one symptom mers virus contact anyone	train	0
florida show symptom deadly middle eastern virus two healthcare worker	train	0
new disease u middle east apparently needed	train	0
news scientist question saudi openness deadly mers virus outbreak kate kelland	train	0
dr fukuda taking question journalist geneva connected online	train	0
saudi arabia find another mers case disease spread saudi	train	0
expert meeting oman lead guidance investigating transmission route stemming spread	train	0
question deadly middle eastern virus showed indiana	train	0
infectious disease physician morsani need know listen gt	train	0
sebab ada mers disease ramai mati oh yeke tak pernah tau sebab supposedly first time going haih	train	0
fairy tale sustained transmission history	train	0
person contact indiana mers patient positive virus symptom alex cukana	train	0
two case mers confirmed u airport warning travelors warning sign next	train	0
mers virus seems infect prior diabetes chronic kidney disease han house guest lecture	train	0
center disease control confirms first case deadly mers virus	train	0
camel gt human exists may le urgent point possibility sustained transmission	train	0
infectious disease specialist mers become pandemic despite two reported case united state one	train	0
third case mers confirmed center disease control	train	0
case still know disease transmitted	train	0
saudi arabia warns camel disease mers arab travel freely around west pas infection	train	0
inappropriate amp premature conclude airborne aerosol transmissible disease	train	0
first person person transmission confirmed u	train	0
gt case amp alone hard fathom study designed show best treatment case	train	0
first case mers cov reported indiana center disease control prevention say via fucked	train	0
symptom mers include fever shortness breath watch segment learn	train	0
labor ministry asks citizen alert symptom	train	0
saudi arabia find another mers case disease spread saudi arabia identified new case middle	train	0
confirmed scientist question saudi openness deadly mers virus outbreak london june reuters	train	0
saudi health authority announced monday death toll mers coronavirus reached since respiratory disease	train	0
orlando hospital worker admitted flu like symptom exposure mers patient diagnosed	train	0
likely camel human mers virus human human transmission risk sci tech dw de	train	0
important question answered	train	0
apparently case mers eastern usa contagious middle eastern disease mortality rate	train	0
infectious disease doctor discus via	train	0
scientist find mers virus antibody may lead treatment currently cure vacci	train	0
anyone traveling middle east need careful disease	train	0
answer aerosol spray new drug developed texas amp protects lung infectious disease	train	0
course mers disease first case found chicago indiana florida yes yes yes	train	0
already america gt muslim tradition drinking camel urine spread mers disease globally walid shoebat	train	0
mers search disease detective beat bush virus disease detective going thr en	train	0
every time read new deadly disease spreading start replaying movie contagion mind thanks mers	train	0
orlando mers virus case spark question	train	0
scientist question saudi openness deadly mers virus outbreak london june reuters dram	train	0
dr fukuda infection prevention amp control e g wash hand handling patient hosp wear glove mask right time	train	0
repost deadly respiratory disease mers hit u first	train	0
first official report camel gt human transmission published last november	train	0
mers patient united state significant mark documented case human human transmission	train	0
question r epidemic human nd virus ancient camel passemger ht	train	0
scientist question saudi openness deadly mers virus outbreak	train	0
mers cov important apply basic infection prevention amp control measure health facility train amp check hea	train	0
twenty health care worker two doctor came contact mers patient checked disease orlan	train	0
saudi arabia find another mers case disease spread reuters	train	0
infection prevention control guidance acute carefootnote setting	train	0
mers virus symptom warning protested saudi arabia kissing camel via patrick frye	train	0
cdc virus spread u nd man sick rd u case handshake possible virus without symptom	train	0
scientist question saudi openness deadly mers virus outbreak kate kelland london reuters	train	0
cdc confirms first u case mers coronavirus indiana patient center disease control	train	0
question deadly middle eastern virus showed indiana	train	0
check ceo mysterious disease cdc confirms first case mers virus american	train	0
keiji fukuda concern emergency committee weakness infection prevention amp control gap critical info	train	0
middle east respiratory syndrome coronavirus one number infectious disease	train	0
question deadly middle eastern virus showed indiana	train	0
mers cov symptom mers cov	train	0
exactement good timing propose service seems related loss control prevention	train	0
go new disease floating called mers middle eastern respiratory syndrome	train	0
breaking two orlando hospital employee exposed patient mers showing symptom	train	0
first saudi case contracted disease bat expert	train	0
clinician amp health official must watch symptom patient recently traveled near arabian peninsul	train	0
two antibody study may help quest treatment cidrap	train	0
mers way going die sick	train	0
expert raise question newly revewaled saudi case	train	0
third case mers confirmed center disease control prevention confirmed saturd	train	0
disease pr look time talk sars ok disease pr picture sars whatever	train	0
mers virus symptom global epidemic yet via	train	0
q route transmission jump bat human	train	0
new disease called mers lol mers middle east go figure	train	0
center disease control say investigating detecting case virus	train	0
news question deadly middle eastern virus showed indiana	train	0
deadly respiratory disease mers hit u first time	train	0
mers search disease detective beat bush virus	train	0
another mers case identified saudi arabia disease spread	train	0
mers virus symptom spread muslim drinking camel urine	train	0
relatively new respiratory illness spread b w people close contact symptom fever cough amp shortness breath	train	0
world health camel reason corona virus transmission	train	0
cdc mers infection prevention control	train	0
question deadly middle eastern virus showed indiana via	train	0
crespo say canada contact symptom test pending	train	0
apparently april travel riyadh took bus respiratory symptom apr via	train	0
first case mers cov reported indiana center disease control prevention said friday	train	0
isolated camel however confirmed animal human transmission virus	train	0
two health worker hospital orlando patient quarantined showing symptom	train	0
question deadly middle eastern virus showed indiana	train	0
u hospital worker w mers symptom let saudi w virus time fed limit travel u unti	train	0
news middle east respiratory syndrome mers symptom coronavirus spread	train	0
releasing result important implication understanding transmission emerging lethal virus cov	train	0
step step moving forward demonstrate camel gt human transmission camel possible reservoir contamination	train	0
hold emergency meeting mers health infectious disease expert met world health orga	train	0
florida show symptom deadly middle eastern virus two healthcare wor	train	0
cdc man traveled chicago ind st case mers center disease	train	0
mysterious disease cdc confirms first case mers virus american	train	0
expert give cautious welcome sign stepped saudi effort deadly mers virus	train	0
first case deadly middle eastern virus found center disease control confirmed ca	train	0
mers virus preventing mers virus must know transmission prevention mers virus	train	0
mers hit scientist search cause treatment two case middle east respiratory	train	0
mers health advisory sign posted dia request center disease contr	train	0
health minister affirms bahrain free coronavirus disease great everyone think disease	train	0
specific treatment mers coronavirus known yet officer voice russia	train	0
third case mers confirmed center disease control	train	0
need everybody careful virus mers cov people arau saudi died disease	train	0
helping family w wifi problem good reminder urge avoid like hot new disease	train	0
third person tested positive first case answer question disease amet	train	0
disease mers cov virus virus disease disease virus virus disease	train	0
gupta disease origin mystery dr sanjay gupta answer mers cdc confirms	train	0
public health lab first responder disease state lab detected st case mers cov	train	0
nanoviricides report novel drug candidate treatment mers middle east respiratory syndrome corona viru	train	0
yet unsatisfactory seems however nosomocial transmission happened	train	0
kind look soft	train	0
currently specific treatment recommended	train	0
american caught hospital job brought disease home latest florida case htt	train	0
updated mers cov case definition infection prevention control guideline saudi moh may th	train	0
moderator sum key unanswered question latest post	train	0
florida show symptom deadly middle eastern virus via mashable	train	0
mers virus human human transmission yet	train	0
emerging infectious disease expert ian lipkin put case surge context	train	0
first case deadly middle eastern virus found center disease control confirmed	train	0
third case mers confirmed center disease control prevention confirmed	train	0
comment apparently florida patient community increasing symptom day	train	0
could spread annual pilgrimage official via	train	0
mers cov symptom amp prevention	train	0
good mers primer orlando mers virus case spark question	train	0
release first two case algeria two case developed symptom saudi arabia	train	0
official u patient first symptom preceded travel	train	0
mers thing know infectious disease reported munster news crew gather	train	0
center disease control prevention confirmed second case	train	0
check article mers disease	train	0
u mers disease spread world	train	0
deadly respiratory disease mers spread iran via	train	0
expert raise question newly revealed saudi mers case world health organization ex	train	0
return first saudi case contracted disease bat expert http	train	0
florida show symptom deadly middle eastern virus two healthcare worker orl	train	0
saudi question mecca preparedness mers spread mers virus spread saudi quest	train	0
scientist question saudi openness deadly mers virus outbreak	train	0
scientist find mers virus antibody may lead treatment	train	0
sharing hookah increase transmission coronavirus epidemic respiratory virus	train	0
u report third case potential mers virus	train	0
ntrr work eliminate spread disease nd case mers reported marketwatch	train	0
abu dhabi health authority issue guideline mers virus prevention emirate abu dhabi health autho	train	0
expert cautiously welcome sign stepped saudi effort mers virus getty	train	0
mers median age male predominance pediatric case asymptomatic mild symptom death child chronic dz	train	0
arabia find another case disease spread	train	0
cdc post updated guideline preventing transmission mers hospital	train	0
mers virus symptom spread muslim drinking camel urine via	train	0
important question answered	train	0
mers something common emerging disease threat zoonotic disease	train	0
saudi arabia find another mers case disease spread reuters	train	0
question deadly middle eastern virus showed indiana via	train	0
mers mystery disease detective search infected traveler	train	0
dutch case concern older man underlying disease molecular mers test positive two center rivm emc patient stable	train	0
kerry b collison asia news prevention best medicine mers virus	train	0
centre issued alert mers cov disease minister new indian express	train	0
mers uptick confounds worry infectious disease expert	train	0
question deadly middle eastern virus showed indiana deadly middle east vir	train	0
evidence camel human transmission	train	0
third case mers confirmed center disease control	train	0
chief infection prevention sc mers case likely rise	train	0
new guideline mers virus prevention uae dubai chronicle new guideline mers virus prevention	train	0
saudi question mecca preparedness mers spread mers virus spread saud	train	0
briefing dr anne schuchat say easily spread community new disease	train	0
mers mystery disease detective search infected traveler	train	0
frequently asked question	train	0
mers next thing scared folk unlike bird flu mad cow disease one get	train	0
mers virus reach public health system spring action disease respect border	train	0
third case mers confirmed center disease control prevention co	train	0
newest u case infected indiana patient cdc say center disease control prevention	train	0
mers search disease detective beat bush virus via	train	0
fatal flaw disease outbreak prevention animal	train	0
saudi arabia report another mers case disease spread	train	0
first case deadly middle eastern virus found center disease control confirmed case deadly midd	train	0
first case middle east respiratory syndrome confirmed may center disease control prevention confirm	train	0
say mers virus concern haj pilgrimage million could affected	train	0
mers mystery disease detective search infected traveler	train	0
orlando health care worker exposed patient symptom	train	0
patient florida confirmed nd imported case mers center disease control prevention say	train	0
first case deadly middle eastern virus found center disease control confirme	train	0
mers search disease detective beat bush virus	train	0
gupta disease origin mystery dr sanjay gupta answer mers cdc con via	train	0
new tsa cdc post sign major airport alerting traveler mers virus	train	0
oh yay reveals sars successor sort mers disease contagious	train	0
question valid assign case status based solely clinical pres based solely serology te	train	0
eye opener mers spread latest case deadly disease may come simple handshake	train	0
florida show symptom deadly middle eastern virus	train	0
mers virus symptom global epidemic yet say drink camel urine	train	0
six question answered canadian need know	train	0
egypt health minister urge citizen report flu symptom contain	train	0
keiji fukuda concern emergency committee weakness infection prevention amp control gap critical info	train	0
organization getting question download fact sheet amp add logo	train	0
cdc first case mers person person u man symptom tested po contact w st patient	train	0
deadly respiratory disease mers spread iran	train	0
case increased rapidly arabian peninsula human human transmission remains low europe htt	train	0
another mers case identified saudi arabia disease spread	train	0
expert raise question newly revealed saudi mers case world health organization	train	0
florida health worker showing symptom exposure mers patient via	train	0
question deadly middle eastern virus showed indiana	train	0
traveler arabian peninsula protect amp know symptom seek care	train	0
orlando hospital worker symptom exposed virus tested negative health official say	train	0
mers hit scientist search cause treatment two case middle east respiratory syndrome	train	0
new world health organization mers transmission serious concern	train	0
bangladesh either interesting case transmission plane airport	train	0
first case mers cov reported indiana center disease control prevention say	train	0
first local transmission u	train	0
pilgrimage seem prone disaster disease apparently exist fond travelling	train	0
art medicine dr answer question medical medium	train	0
question deadly middle eastern virus showed indiana businessnews atlanta	train	0
allowing people enter continent diseased country one seen	train	0
nbc news mers search disease detective beat bush virus disease detective going united state	train	0
indonesian pilgrim umrah contract woman also indonesia died disease saudi	train	0
patient florida confirmed nd imported case mers center disease control prevention say nice	train	0
deadly respiratory disease called mers virus reported deadly respiratory disease sickened	train	0
dtn dubai seven new mers death saudi arabia disease killed people infected th	train	0
updated mers cov case definition infection prevention control guideline saudi moh may th	train	0
florida show symptom deadly middle eastern virus	train	0
first case deadly middle eastern virus found center disease control	train	0
arabia part become breeding ground	train	0
question deadly middle eastern virus showed indiana deadly mi	train	0
mers search disease detective beat bush virus disease detective going painstaking ta	train	0
mers mystery disease detective search infected traveler disease detective going pain	train	0
disease may next terrorist attack america via	train	0
third case mers confirmed center disease control di	train	0
sustained transmission ksa jordan hcw link	train	0
deadly mers disease found	train	0
america importation secondary transmission	train	0
hospital worker treating mers patient show virus like symptom heard may originated camel	train	0
mers virus symptom global epidemic yet say drink camel urine via patrick frye	train	0
disease mers picked wrong state said state health official without faintest sense irony	train	0
noticed fukuda really answer vital question regarding case control study saudi arabia	train	0
news cdc confirms first case mers virus indiana center disease control prevention confi	train	0
deadly mers disease found	train	0
saudi arabia question demographic	train	0
saudi arabia find another mers case disease spread	train	0
learn virus cause spread symptom prevention tip amp cdc	train	0
deadly respiratory disease mers hit u first time	train	0
fight zoonotic disease	train	0
one model capacity transmission commercial flight setting	train	0
cdc frequently asked question	train	0
alert symptom precaution risk control practice pdf	train	0
question deadly middle eastern virus showed indiana	train	0
obvious choice chain transmission risk	train	0
center disease control confirms first case deadly mers virus yeah	train	0
report hospital worker came contact mers patient showing symptom	train	0
symptom asking friend	train	0
worker contact mers patient tested negative disease	train	0
saudi arabia find another mers case disease spread	train	0
bring shit la co resident shared flight w mers patient show sign virus	train	0
center disease control confirms deadly mers virus middle east u	train	0
saudi arabia revise death toll	train	0
avian diary ecdc epidemiological update mers cov	train	0
big event spread disease	train	0
know messed mers virus interesting pandemic disease	train	0
two health care worker treated patient come respiratory symptom	train	0
say time declare public health emergency feel better infection control prevention could contain virus	train	0
saudi arabia find another mers case disease spread	train	0
official u patient first symptom preceded travel	train	0
currently specific treatment recommended	train	0
two worker fl hospital exposed patient middle east respiratory syndrome showing flu like symptom	train	0
maybe previous ancestor symptom human ab also defend today	train	0
sequencing nearly genome suggest virus evolved easier transmission	train	0
cleric say cure patient infected virus using herbal treatment	train	0
warning anyone risk diabetes lung disease avoid camel	train	0
mers mystery disease detective search infected traveler	train	0
employee flu like symptom contact case	train	0
saudi arabia find another mers case disease spread nvax	train	0
second case mers virus found florida cdc say center disease control belief case lik	train	0
seriously two hcw showing symptom contact patient frustrating	train	0
case mers two healthcare worker exposed mers patient flu like symptom video	train	0
first case mers cov reported indiana center disease control prevention said	train	0
mers patient symptom released indiana hospital chicago sun time abc news mers patient	train	0
first case deadly middle eastern virus found center disease	train	0
mers killed deadly virus causing much damage saudi arabia may allah swt protect everyone u deadly disease	train	0
cdc confirmed first known case deadly infectious disease mers usa	train	0
six question answered canadian need know mers virus	train	0
serious mers respiratory disease come florida story please go	train	0
mers mystery disease detective search infected traveler	train	0
saudi question preparedness spread	train	0
first case middle east respiratory virus often fatal illness raising new concern rapid spread	train	0
sampling cov urt sign amp sympt urt mostly fever syst cough amp pneum	train	0
mysterious disease cdc confirms first case mers virus american video cdc announces first	train	0
icymi health worker treated mers patient report flu like symptom	train	0
question deadly middle eastern virus showed indiana	train	0
primary case community know little transmission patient hospital n	train	0
mers u traveler need know potentially deadly disease	train	0
u centre disease control scientist study infectiousness mild mers case	train	0
rihanna know diharrhea hanta new nasty scary disease like holy fuck want bunker	train	0
stay country keep mers disease keep f kn goat pig	train	0
view cdc frequently asked question middle east respiratory syndrome mers	train	0
take moment review newly updated resource communicable disease	train	0
amp put health advisory u airport know sign symptom	train	0
center disease control confirms deadly sars like virus middle east u	train	0
saudi arabia find another mers case disease spread	train	0
come infectious disease camel jerk via	train	0
place polemic management review infection control prevention	train	0
prevention tip clean disinfect surface may contaminated door handle phone etc	train	0
mers search disease detective beat bush virus	train	0
question asked phone conference performing pcr testing family patient flight member	train	0
tradition may hinder control new disease	train	0
recent editorial question pandemic potential read medusa ugly head sars mers cov	train	0
orlando hospital worker exposed mers infected patient far sign sickness	train	0
scientist question saudi openness deadly mers virus outbreak london june reuters dr	train	0
faq mers cov center disease control prevention	train	0
mers sound like disease named cat	train	0
frequently asked question answer	train	0
one team member admitted emergency room flu like symptom following potential exposure	train	0
based know still limited confirmed lab evidence sustained transmission	train	0
new time eua dna test indicates camel human transmission mers virus ye via j v	train	0
week issue paper contributing available evidence base detection transmission path http	train	0
question deadly middle eastern virus showed indiana deadl	train	0
saudi death say increase prevention	train	0
illinois department public health reactivates hotline mers cov question	train	0
middle eastern respiratory syndrome mers communicable infection saudi arabia prevention kissing camel humping	train	0
mers case revealed saudi arabia raise question cbc ca	train	0
saudi question makkah preparedness spread	train	0
denver international airport airport adding warning sign alert passenger	train	0
six question answered canadian need know mers virus	train	0
updated mers cov case definition infection prevention control guideline saudi moh may th	train	0
opinion best medicine	train	0
frequently asked question middle east respiratory syndrome coronavirus merscov	train	0
mers solution overpopulation cdc mers frequently asked question	train	0
worker orlando hospital caring patient flu like symptom	train	0
cdc disease heartland	train	0
contagious flu say expert via	train	0
mysterious disease cdc confirms first case mers virus american video cdc announces	train	0
first usa case health worker riyadh flew london chicago bus indiana say symptom h	train	0
saudi arabia issue mers advisory people handle camel expert say likely link disease	train	0
hotline hoosier call w question starting sat hr pm	train	0
symptom seen two florida health worker exposed patient	train	0
mers victim caught deadly disease camel	train	0
center disease control prevention using sars playbook combat mers	train	0
disease circulating waiting come set shop united state list big five	train	0
forget alec baldwin two additional health care worker showing symptom deadly virus	train	0
killing virus mystery disease detective search infected traveler via	train	0
guideline clinician issued	train	0
previously unreported mers case raise tough question saudi arabia ctv news ctv news previously unreported	train	0
disease middle east respiratory syndrome mers infected people amp killed gt since first reported saudi arabia	train	0
date found people contact w traveler confirmed disease testing contact continues	train	0
hospital worker contact mers patient display flu like symptom	train	0
health care worker exposed mers patient flu like symptom	train	0
saudi government hope make vaccine blocking transmission animal make sense	train	0
interesting info florida show symptom deadly middle eastern virus two healthcare work	train	0
mgn africa hold emergency meeting mers health infectious disease expert	train	0
mers virus spread camel human pneumonia like symptom	train	0
first case disease mers worry find	train	0
mers coronavirus transmission camel human possible nature world news	train	0
healthcare worker exposed case orlando hospital developed flu like symptom one hour one af	train	0
earlier center disease control prevention confirms first case mers virus	train	0
mers victim caught deadly disease camel man saudi arabia died middle east respira	train	0
suspect coronavirus sign temperature body elevate	train	0
third case mers confirmed center disease control prevention confirmed satu	train	0
case illustrates folly ignoring disease famine unrest distant place small	train	0
infectious disease expert dr batool ali answer pressing question coronavirus	train	0
